{
    "specVersion":"1.0",
    "fileName":"codec-demo",
    "deviceType":"WaterMeter",
	"version":"1.0.0",
    "manufacturerName":"Huawei",
    "model":"NBIoTDevice",
    "description":"codec",
    "platform":"linux",
    "packageType":"CIGPlugin",
    "date":"2017-02-06 12:16:59",
	"ignoreList":[],
    "bundles":[
    {
        "bundleName": "WaterMeter-Huawei-NBIoTDevice",
        "bundleVersion": "1.0.0",
        "priority":5,
        "fileName": "WaterMeter-Huawei-NBIoTDevice-1.0.0.jar",
        "bundleDesc":"",
        "versionDesc":""
    }]
}
